age_months,age_years,lx
0,0.0,100000
1,0.0833,99978
2,0.1667,99956
3,0.25,99934
4,0.3333,99912
5,0.4167,99890
6,0.5,99868
7,0.5833,99845
8,0.6667,99823
9,0.75,99801
10,0.8333,99779
11,0.9167,99757
12,1.0,99735
13,1.0833,99733
14,1.1667,99730
15,1.25,99728
16,1.3333,99725
17,1.4167,99723
18,1.5,99720
19,1.5833,99718
20,1.6667,99716
21,1.75,99713
22,1.8333,99711
23,1.9167,99708
24,2.0,99706
25,2.0833,99704
26,2.1667,99703
27,2.25,99701
28,2.3333,99699
29,2.4167,99698
30,2.5,99696
31,2.5833,99694
32,2.6667,99693
33,2.75,99691
34,2.8333,99689
35,2.9167,99688
36,3.0,99686
37,3.0833,99684
38,3.1667,99683
39,3.25,99682
40,3.3333,99680
41,3.4167,99678
42,3.5,99677
43,3.5833,99676
44,3.6667,99674
45,3.75,99672
46,3.8333,99671
47,3.9167,99670
48,4.0,99668
49,4.0833,99667
50,4.1667,99666
51,4.25,99665
52,4.3333,99664
53,4.4167,99663
54,4.5,99662
55,4.5833,99660
56,4.6667,99659
57,4.75,99658
58,4.8333,99657
59,4.9167,99656
60,5.0,99655
61,5.0833,99654
62,5.1667,99654
63,5.25,99653
64,5.3333,99652
65,5.4167,99651
66,5.5,99650
67,5.5833,99650
68,5.6667,99649
69,5.75,99648
70,5.8333,99648
71,5.9167,99647
72,6.0,99646
73,6.0833,99645
74,6.1667,99644
75,6.25,99644
76,6.3333,99643
77,6.4167,99642
78,6.5,99642
79,6.5833,99641
80,6.6667,99640
81,6.75,99639
82,6.8333,99638
83,6.9167,99638
84,7.0,99637
85,7.0833,99636
86,7.1667,99636
87,7.25,99635
88,7.3333,99634
89,7.4167,99634
90,7.5,99633
91,7.5833,99632
92,7.6667,99632
93,7.75,99631
94,7.8333,99630
95,7.9167,99630
96,8.0,99629
97,8.0833,99628
98,8.1667,99627
99,8.25,99626
100,8.3333,99626
101,8.4167,99625
102,8.5,99624
103,8.5833,99623
104,8.6667,99622
105,8.75,99622
106,8.8333,99621
107,8.9167,99620
108,9.0,99619
109,9.0833,99618
110,9.1667,99618
111,9.25,99617
112,9.3333,99616
113,9.4167,99615
114,9.5,99614
115,9.5833,99614
116,9.6667,99613
117,9.75,99612
118,9.8333,99612
119,9.9167,99611
120,10.0,99610
121,10.0833,99609
122,10.1667,99608
123,10.25,99608
124,10.3333,99607
125,10.4167,99606
126,10.5,99605
127,10.5833,99604
128,10.6667,99603
129,10.75,99602
130,10.8333,99602
131,10.9167,99601
132,11.0,99600
133,11.0833,99599
134,11.1667,99598
135,11.25,99597
136,11.3333,99596
137,11.4167,99595
138,11.5,99594
139,11.5833,99594
140,11.6667,99593
141,11.75,99592
142,11.8333,99591
143,11.9167,99590
144,12.0,99589
145,12.0833,99588
146,12.1667,99587
147,12.25,99586
148,12.3333,99585
149,12.4167,99584
150,12.5,99583
151,12.5833,99582
152,12.6667,99581
153,12.75,99580
154,12.8333,99579
155,12.9167,99578
156,13.0,99577
157,13.0833,99576
158,13.1667,99574
159,13.25,99573
160,13.3333,99572
161,13.4167,99571
162,13.5,99570
163,13.5833,99568
164,13.6667,99567
165,13.75,99566
166,13.8333,99564
167,13.9167,99563
168,14.0,99562
169,14.0833,99560
170,14.1667,99559
171,14.25,99557
172,14.3333,99555
173,14.4167,99554
174,14.5,99552
175,14.5833,99550
176,14.6667,99549
177,14.75,99547
178,14.8333,99545
179,14.9167,99544
180,15.0,99542
181,15.0833,99540
182,15.1667,99538
183,15.25,99536
184,15.3333,99534
185,15.4167,99532
186,15.5,99530
187,15.5833,99527
188,15.6667,99525
189,15.75,99523
190,15.8333,99521
191,15.9167,99519
192,16.0,99517
193,16.0833,99514
194,16.1667,99512
195,16.25,99510
196,16.3333,99507
197,16.4167,99504
198,16.5,99502
199,16.5833,99500
200,16.6667,99497
201,16.75,99494
202,16.8333,99492
203,16.9167,99490
204,17.0,99487
205,17.0833,99484
206,17.1667,99481
207,17.25,99478
208,17.3333,99475
209,17.4167,99472
210,17.5,99470
211,17.5833,99467
212,17.6667,99464
213,17.75,99461
214,17.8333,99458
215,17.9167,99455
216,18.0,99452
217,18.0833,99449
218,18.1667,99445
219,18.25,99442
220,18.3333,99438
221,18.4167,99435
222,18.5,99432
223,18.5833,99428
224,18.6667,99425
225,18.75,99421
226,18.8333,99418
227,18.9167,99414
228,19.0,99411
229,19.0833,99407
230,19.1667,99404
231,19.25,99400
232,19.3333,99396
233,19.4167,99393
234,19.5,99389
235,19.5833,99385
236,19.6667,99382
237,19.75,99378
238,19.8333,99374
239,19.9167,99371
240,20.0,99367
241,20.0833,99363
242,20.1667,99359
243,20.25,99355
244,20.3333,99351
245,20.4167,99347
246,20.5,99343
247,20.5833,99339
248,20.6667,99335
249,20.75,99331
250,20.8333,99327
251,20.9167,99323
252,21.0,99319
253,21.0833,99315
254,21.1667,99310
255,21.25,99306
256,21.3333,99302
257,21.4167,99298
258,21.5,99294
259,21.5833,99289
260,21.6667,99285
261,21.75,99281
262,21.8333,99276
263,21.9167,99272
264,22.0,99268
265,22.0833,99263
266,22.1667,99259
267,22.25,99254
268,22.3333,99250
269,22.4167,99246
270,22.5,99241
271,22.5833,99236
272,22.6667,99232
273,22.75,99228
274,22.8333,99223
275,22.9167,99218
276,23.0,99214
277,23.0833,99209
278,23.1667,99205
279,23.25,99200
280,23.3333,99196
281,23.4167,99192
282,23.5,99187
283,23.5833,99182
284,23.6667,99178
285,23.75,99174
286,23.8333,99169
287,23.9167,99164
288,24.0,99160
289,24.0833,99155
290,24.1667,99151
291,24.25,99146
292,24.3333,99142
293,24.4167,99138
294,24.5,99133
295,24.5833,99128
296,24.6667,99124
297,24.75,99120
298,24.8333,99115
299,24.9167,99110
300,25.0,99106
301,25.0833,99101
302,25.1667,99096
303,25.25,99092
304,25.3333,99087
305,25.4167,99082
306,25.5,99077
307,25.5833,99072
308,25.6667,99067
309,25.75,99062
310,25.8333,99058
311,25.9167,99053
312,26.0,99048
313,26.0833,99043
314,26.1667,99038
315,26.25,99033
316,26.3333,99028
317,26.4167,99023
318,26.5,99018
319,26.5833,99013
320,26.6667,99008
321,26.75,99003
322,26.8333,98998
323,26.9167,98993
324,27.0,98988
325,27.0833,98983
326,27.1667,98978
327,27.25,98973
328,27.3333,98968
329,27.4167,98963
330,27.5,98958
331,27.5833,98953
332,27.6667,98948
333,27.75,98943
334,27.8333,98938
335,27.9167,98933
336,28.0,98928
337,28.0833,98923
338,28.1667,98918
339,28.25,98913
340,28.3333,98908
341,28.4167,98903
342,28.5,98898
343,28.5833,98894
344,28.6667,98889
345,28.75,98884
346,28.8333,98879
347,28.9167,98874
348,29.0,98869
349,29.0833,98864
350,29.1667,98859
351,29.25,98854
352,29.3333,98849
353,29.4167,98844
354,29.5,98838
355,29.5833,98833
356,29.6667,98828
357,29.75,98823
358,29.8333,98818
359,29.9167,98813
360,30.0,98808
361,30.0833,98803
362,30.1667,98798
363,30.25,98792
364,30.3333,98787
365,30.4167,98782
366,30.5,98776
367,30.5833,98771
368,30.6667,98766
369,30.75,98761
370,30.8333,98756
371,30.9167,98750
372,31.0,98745
373,31.0833,98740
374,31.1667,98734
375,31.25,98728
376,31.3333,98723
377,31.4167,98718
378,31.5,98712
379,31.5833,98706
380,31.6667,98701
381,31.75,98696
382,31.8333,98690
383,31.9167,98684
384,32.0,98679
385,32.0833,98673
386,32.1667,98668
387,32.25,98662
388,32.3333,98656
389,32.4167,98651
390,32.5,98645
391,32.5833,98639
392,32.6667,98634
393,32.75,98628
394,32.8333,98622
395,32.9167,98617
396,33.0,98611
397,33.0833,98605
398,33.1667,98600
399,33.25,98594
400,33.3333,98588
401,33.4167,98583
402,33.5,98577
403,33.5833,98571
404,33.6667,98566
405,33.75,98560
406,33.8333,98554
407,33.9167,98549
408,34.0,98543
409,34.0833,98537
410,34.1667,98530
411,34.25,98524
412,34.3333,98518
413,34.4167,98511
414,34.5,98505
415,34.5833,98499
416,34.6667,98492
417,34.75,98486
418,34.8333,98480
419,34.9167,98473
420,35.0,98467
421,35.0833,98460
422,35.1667,98452
423,35.25,98445
424,35.3333,98438
425,35.4167,98430
426,35.5,98423
427,35.5833,98416
428,35.6667,98408
429,35.75,98401
430,35.8333,98394
431,35.9167,98386
432,36.0,98379
433,36.0833,98371
434,36.1667,98363
435,36.25,98355
436,36.3333,98347
437,36.4167,98339
438,36.5,98331
439,36.5833,98323
440,36.6667,98315
441,36.75,98307
442,36.8333,98299
443,36.9167,98291
444,37.0,98283
445,37.0833,98274
446,37.1667,98265
447,37.25,98256
448,37.3333,98248
449,37.4167,98239
450,37.5,98230
451,37.5833,98221
452,37.6667,98212
453,37.75,98204
454,37.8333,98195
455,37.9167,98186
456,38.0,98177
457,38.0833,98167
458,38.1667,98158
459,38.25,98148
460,38.3333,98138
461,38.4167,98129
462,38.5,98119
463,38.5833,98109
464,38.6667,98100
465,38.75,98090
466,38.8333,98080
467,38.9167,98071
468,39.0,98061
469,39.0833,98051
470,39.1667,98041
471,39.25,98032
472,39.3333,98022
473,39.4167,98012
474,39.5,98002
475,39.5833,97992
476,39.6667,97982
477,39.75,97972
478,39.8333,97963
479,39.9167,97953
480,40.0,97943
481,40.0833,97932
482,40.1667,97921
483,40.25,97910
484,40.3333,97898
485,40.4167,97887
486,40.5,97876
487,40.5833,97865
488,40.6667,97854
489,40.75,97842
490,40.8333,97831
491,40.9167,97820
492,41.0,97809
493,41.0833,97796
494,41.1667,97783
495,41.25,97770
496,41.3333,97757
497,41.4167,97744
498,41.5,97732
499,41.5833,97719
500,41.6667,97706
501,41.75,97693
502,41.8333,97680
503,41.9167,97667
504,42.0,97654
505,42.0833,97640
506,42.1667,97625
507,42.25,97611
508,42.3333,97597
509,42.4167,97582
510,42.5,97568
511,42.5833,97554
512,42.6667,97539
513,42.75,97525
514,42.8333,97511
515,42.9167,97496
516,43.0,97482
517,43.0833,97466
518,43.1667,97450
519,43.25,97434
520,43.3333,97418
521,43.4167,97402
522,43.5,97386
523,43.5833,97369
524,43.6667,97353
525,43.75,97337
526,43.8333,97321
527,43.9167,97305
528,44.0,97289
529,44.0833,97271
530,44.1667,97253
531,44.25,97235
532,44.3333,97217
533,44.4167,97199
534,44.5,97181
535,44.5833,97163
536,44.6667,97145
537,44.75,97127
538,44.8333,97109
539,44.9167,97091
540,45.0,97073
541,45.0833,97053
542,45.1667,97033
543,45.25,97013
544,45.3333,96993
545,45.4167,96973
546,45.5,96952
547,45.5833,96932
548,45.6667,96912
549,45.75,96892
550,45.8333,96872
551,45.9167,96852
552,46.0,96832
553,46.0833,96810
554,46.1667,96788
555,46.25,96766
556,46.3333,96744
557,46.4167,96722
558,46.5,96700
559,46.5833,96677
560,46.6667,96655
561,46.75,96633
562,46.8333,96611
563,46.9167,96589
564,47.0,96567
565,47.0833,96541
566,47.1667,96516
567,47.25,96490
568,47.3333,96465
569,47.4167,96439
570,47.5,96414
571,47.5833,96388
572,47.6667,96362
573,47.75,96337
574,47.8333,96311
575,47.9167,96286
576,48.0,96260
577,48.0833,96231
578,48.1667,96202
579,48.25,96174
580,48.3333,96145
581,48.4167,96116
582,48.5,96088
583,48.5833,96059
584,48.6667,96030
585,48.75,96001
586,48.8333,95972
587,48.9167,95944
588,49.0,95915
589,49.0833,95883
590,49.1667,95851
591,49.25,95819
592,49.3333,95787
593,49.4167,95755
594,49.5,95722
595,49.5833,95690
596,49.6667,95658
597,49.75,95626
598,49.8333,95594
599,49.9167,95562
600,50.0,95530
601,50.0833,95493
602,50.1667,95457
603,50.25,95420
604,50.3333,95384
605,50.4167,95348
606,50.5,95311
607,50.5833,95274
608,50.6667,95238
609,50.75,95202
610,50.8333,95165
611,50.9167,95128
612,51.0,95092
613,51.0833,95051
614,51.1667,95011
615,51.25,94970
616,51.3333,94929
617,51.4167,94888
618,51.5,94848
619,51.5833,94807
620,51.6667,94766
621,51.75,94725
622,51.8333,94684
623,51.9167,94644
624,52.0,94603
625,52.0833,94558
626,52.1667,94513
627,52.25,94468
628,52.3333,94422
629,52.4167,94377
630,52.5,94332
631,52.5833,94287
632,52.6667,94242
633,52.75,94196
634,52.8333,94151
635,52.9167,94106
636,53.0,94061
637,53.0833,94012
638,53.1667,93962
639,53.25,93912
640,53.3333,93863
641,53.4167,93814
642,53.5,93764
643,53.5833,93714
644,53.6667,93665
645,53.75,93616
646,53.8333,93566
647,53.9167,93516
648,54.0,93467
649,54.0833,93412
650,54.1667,93358
651,54.25,93303
652,54.3333,93249
653,54.4167,93194
654,54.5,93140
655,54.5833,93085
656,54.6667,93030
657,54.75,92976
658,54.8333,92921
659,54.9167,92867
660,55.0,92812
661,55.0833,92753
662,55.1667,92694
663,55.25,92634
664,55.3333,92575
665,55.4167,92516
666,55.5,92456
667,55.5833,92397
668,55.6667,92338
669,55.75,92279
670,55.8333,92220
671,55.9167,92160
672,56.0,92101
673,56.0833,92037
674,56.1667,91974
675,56.25,91910
676,56.3333,91846
677,56.4167,91782
678,56.5,91718
679,56.5833,91655
680,56.6667,91591
681,56.75,91527
682,56.8333,91464
683,56.9167,91400
684,57.0,91336
685,57.0833,91268
686,57.1667,91200
687,57.25,91132
688,57.3333,91063
689,57.4167,90995
690,57.5,90927
691,57.5833,90859
692,57.6667,90791
693,57.75,90722
694,57.8333,90654
695,57.9167,90586
696,58.0,90518
697,58.0833,90442
698,58.1667,90366
699,58.25,90290
700,58.3333,90214
701,58.4167,90138
702,58.5,90062
703,58.5833,89986
704,58.6667,89910
705,58.75,89834
706,58.8333,89758
707,58.9167,89682
708,59.0,89606
709,59.0833,89524
710,59.1667,89443
711,59.25,89361
712,59.3333,89279
713,59.4167,89198
714,59.5,89116
715,59.5833,89034
716,59.6667,88953
717,59.75,88871
718,59.8333,88789
719,59.9167,88708
720,60.0,88626
721,60.0833,88538
722,60.1667,88451
723,60.25,88364
724,60.3333,88276
725,60.4167,88188
726,60.5,88101
727,60.5833,88014
728,60.6667,87926
729,60.75,87838
730,60.8333,87751
731,60.9167,87664
732,61.0,87576
733,61.0833,87482
734,61.1667,87389
735,61.25,87296
736,61.3333,87202
737,61.4167,87108
738,61.5,87015
739,61.5833,86922
740,61.6667,86828
741,61.75,86734
742,61.8333,86641
743,61.9167,86548
744,62.0,86454
745,62.0833,86355
746,62.1667,86257
747,62.25,86158
748,62.3333,86060
749,62.4167,85961
750,62.5,85862
751,62.5833,85764
752,62.6667,85665
753,62.75,85567
754,62.8333,85468
755,62.9167,85370
756,63.0,85271
757,63.0833,85167
758,63.1667,85062
759,63.25,84958
760,63.3333,84853
761,63.4167,84749
762,63.5,84644
763,63.5833,84540
764,63.6667,84436
765,63.75,84331
766,63.8333,84227
767,63.9167,84122
768,64.0,84018
769,64.0833,83906
770,64.1667,83794
771,64.25,83682
772,64.3333,83569
773,64.4167,83457
774,64.5,83345
775,64.5833,83233
776,64.6667,83121
777,64.75,83008
778,64.8333,82896
779,64.9167,82784
780,65.0,82672
781,65.0833,82551
782,65.1667,82431
783,65.25,82310
784,65.3333,82189
785,65.4167,82068
786,65.5,81948
787,65.5833,81827
788,65.6667,81706
789,65.75,81585
790,65.8333,81464
791,65.9167,81344
792,66.0,81223
793,66.0833,81094
794,66.1667,80966
795,66.25,80837
796,66.3333,80708
797,66.4167,80580
798,66.5,80451
799,66.5833,80322
800,66.6667,80194
801,66.75,80065
802,66.8333,79936
803,66.9167,79808
804,67.0,79679
805,67.0833,79542
806,67.1667,79405
807,67.25,79268
808,67.3333,79130
809,67.4167,78993
810,67.5,78856
811,67.5833,78719
812,67.6667,78582
813,67.75,78444
814,67.8333,78307
815,67.9167,78170
816,68.0,78033
817,68.0833,77887
818,68.1667,77740
819,68.25,77594
820,68.3333,77447
821,68.4167,77301
822,68.5,77154
823,68.5833,77008
824,68.6667,76862
825,68.75,76715
826,68.8333,76569
827,68.9167,76422
828,69.0,76276
829,69.0833,76119
830,69.1667,75963
831,69.25,75806
832,69.3333,75650
833,69.4167,75493
834,69.5,75336
835,69.5833,75180
836,69.6667,75023
837,69.75,74867
838,69.8333,74710
839,69.9167,74554
840,70.0,74397
841,70.0833,74229
842,70.1667,74062
843,70.25,73894
844,70.3333,73726
845,70.4167,73559
846,70.5,73391
847,70.5833,73223
848,70.6667,73056
849,70.75,72888
850,70.8333,72720
851,70.9167,72553
852,71.0,72385
853,71.0833,72206
854,71.1667,72027
855,71.25,71848
856,71.3333,71669
857,71.4167,71490
858,71.5,71310
859,71.5833,71131
860,71.6667,70952
861,71.75,70773
862,71.8333,70594
863,71.9167,70415
864,72.0,70236
865,72.0833,70044
866,72.1667,69851
867,72.25,69659
868,72.3333,69467
869,72.4167,69274
870,72.5,69082
871,72.5833,68890
872,72.6667,68697
873,72.75,68505
874,72.8333,68313
875,72.9167,68120
876,73.0,67928
877,73.0833,67722
878,73.1667,67516
879,73.25,67310
880,73.3333,67104
881,73.4167,66898
882,73.5,66692
883,73.5833,66486
884,73.6667,66280
885,73.75,66074
886,73.8333,65868
887,73.9167,65662
888,74.0,65456
889,74.0833,65233
890,74.1667,65011
891,74.25,64788
892,74.3333,64566
893,74.4167,64343
894,74.5,64120
895,74.5833,63898
896,74.6667,63675
897,74.75,63453
898,74.8333,63230
899,74.9167,63008
900,75.0,62785
901,75.0833,62546
902,75.1667,62307
903,75.25,62068
904,75.3333,61829
905,75.4167,61590
906,75.5,61351
907,75.5833,61112
908,75.6667,60873
909,75.75,60634
910,75.8333,60395
911,75.9167,60156
912,76.0,59917
913,76.0833,59663
914,76.1667,59409
915,76.25,59154
916,76.3333,58900
917,76.4167,58646
918,76.5,58392
919,76.5833,58138
920,76.6667,57884
921,76.75,57630
922,76.8333,57375
923,76.9167,57121
924,77.0,56867
925,77.0833,56595
926,77.1667,56322
927,77.25,56050
928,77.3333,55778
929,77.4167,55505
930,77.5,55233
931,77.5833,54961
932,77.6667,54688
933,77.75,54416
934,77.8333,54144
935,77.9167,53871
936,78.0,53599
937,78.0833,53311
938,78.1667,53023
939,78.25,52734
940,78.3333,52446
941,78.4167,52158
942,78.5,51870
943,78.5833,51582
944,78.6667,51294
945,78.75,51006
946,78.8333,50717
947,78.9167,50429
948,79.0,50141
949,79.0833,49840
950,79.1667,49539
951,79.25,49237
952,79.3333,48936
953,79.4167,48635
954,79.5,48334
955,79.5833,48032
956,79.6667,47731
957,79.75,47430
958,79.8333,47128
959,79.9167,46827
960,80.0,46526
961,80.0833,46215
962,80.1667,45904
963,80.25,45593
964,80.3333,45282
965,80.4167,44971
966,80.5,44660
967,80.5833,44348
968,80.6667,44037
969,80.75,43726
970,80.8333,43415
971,80.9167,43104
972,81.0,42793
973,81.0833,42476
974,81.1667,42160
975,81.25,41843
976,81.3333,41526
977,81.4167,41209
978,81.5,40892
979,81.5833,40576
980,81.6667,40259
981,81.75,39942
982,81.8333,39626
983,81.9167,39309
984,82.0,38992
985,82.0833,38669
986,82.1667,38346
987,82.25,38023
988,82.3333,37700
989,82.4167,37377
990,82.5,37054
991,82.5833,36732
992,82.6667,36409
993,82.75,36086
994,82.8333,35763
995,82.9167,35440
996,83.0,35117
997,83.0833,34795
998,83.1667,34474
999,83.25,34152
1000,83.3333,33830
1001,83.4167,33509
1002,83.5,33187
1003,83.5833,32865
1004,83.6667,32544
1005,83.75,32222
1006,83.8333,31900
1007,83.9167,31579
1008,84.0,31257
1009,84.0833,30941
1010,84.1667,30626
1011,84.25,30310
1012,84.3333,29995
1013,84.4167,29679
1014,84.5,29364
1015,84.5833,29048
1016,84.6667,28732
1017,84.75,28417
1018,84.8333,28101
1019,84.9167,27786
1020,85.0,27470
1021,85.0833,27165
1022,85.1667,26859
1023,85.25,26554
1024,85.3333,26248
1025,85.4167,25943
1026,85.5,25638
1027,85.5833,25332
1028,85.6667,25027
1029,85.75,24721
1030,85.8333,24416
1031,85.9167,24110
1032,86.0,23805
1033,86.0833,23512
1034,86.1667,23220
1035,86.25,22927
1036,86.3333,22634
1037,86.4167,22342
1038,86.5,22049
1039,86.5833,21756
1040,86.6667,21464
1041,86.75,21171
1042,86.8333,20878
1043,86.9167,20586
1044,87.0,20293
1045,87.0833,20019
1046,87.1667,19745
1047,87.25,19472
1048,87.3333,19198
1049,87.4167,18924
1050,87.5,18650
1051,87.5833,18376
1052,87.6667,18102
1053,87.75,17828
1054,87.8333,17555
1055,87.9167,17281
1056,88.0,17007
1057,88.0833,16756
1058,88.1667,16506
1059,88.25,16256
1060,88.3333,16005
1061,88.4167,15754
1062,88.5,15504
1063,88.5833,15254
1064,88.6667,15003
1065,88.75,14752
1066,88.8333,14502
1067,88.9167,14252
1068,89.0,14001
1069,89.0833,13777
1070,89.1667,13552
1071,89.25,13328
1072,89.3333,13104
1073,89.4167,12880
1074,89.5,12656
1075,89.5833,12431
1076,89.6667,12207
1077,89.75,11983
1078,89.8333,11758
1079,89.9167,11534
1080,90.0,11310
1081,90.0833,11115
1082,90.1667,10921
1083,90.25,10726
1084,90.3333,10532
1085,90.4167,10337
1086,90.5,10142
1087,90.5833,9948
1088,90.6667,9753
1089,90.75,9559
1090,90.8333,9364
1091,90.9167,9170
1092,91.0,8975
1093,91.0833,8809
1094,91.1667,8644
1095,91.25,8478
1096,91.3333,8313
1097,91.4167,8147
1098,91.5,7982
1099,91.5833,7816
1100,91.6667,7650
1101,91.75,7485
1102,91.8333,7319
1103,91.9167,7154
1104,92.0,6988
1105,92.0833,6850
1106,92.1667,6712
1107,92.25,6573
1108,92.3333,6435
1109,92.4167,6297
1110,92.5,6158
1111,92.5833,6020
1112,92.6667,5882
1113,92.75,5744
1114,92.8333,5606
1115,92.9167,5467
1116,93.0,5329
1117,93.0833,5216
1118,93.1667,5103
1119,93.25,4990
1120,93.3333,4877
1121,93.4167,4764
1122,93.5,4651
1123,93.5833,4538
1124,93.6667,4425
1125,93.75,4312
1126,93.8333,4199
1127,93.9167,4086
1128,94.0,3973
1129,94.0833,3883
1130,94.1667,3792
1131,94.25,3702
1132,94.3333,3611
1133,94.4167,3521
1134,94.5,3430
1135,94.5833,3340
1136,94.6667,3250
1137,94.75,3159
1138,94.8333,3069
1139,94.9167,2978
1140,95.0,2888
1141,95.0833,2817
1142,95.1667,2747
1143,95.25,2676
1144,95.3333,2606
1145,95.4167,2536
1146,95.5,2465
1147,95.5833,2394
1148,95.6667,2324
1149,95.75,2254
1150,95.8333,2183
1151,95.9167,2112
1152,96.0,2042
1153,96.0833,1989
1154,96.1667,1935
1155,96.25,1882
1156,96.3333,1828
1157,96.4167,1775
1158,96.5,1722
1159,96.5833,1668
1160,96.6667,1615
1161,96.75,1561
1162,96.8333,1508
1163,96.9167,1454
1164,97.0,1401
1165,97.0833,1362
1166,97.1667,1322
1167,97.25,1283
1168,97.3333,1244
1169,97.4167,1205
1170,97.5,1166
1171,97.5833,1126
1172,97.6667,1087
1173,97.75,1048
1174,97.8333,1008
1175,97.9167,969
1176,98.0,930
1177,98.0833,902
1178,98.1667,874
1179,98.25,846
1180,98.3333,818
1181,98.4167,790
1182,98.5,762
1183,98.5833,734
1184,98.6667,706
1185,98.75,678
1186,98.8333,650
1187,98.9167,622
1188,99.0,594
1189,99.0833,575
1190,99.1667,556
1191,99.25,537
1192,99.3333,518
1193,99.4167,499
1194,99.5,480
1195,99.5833,460
1196,99.6667,441
1197,99.75,422
1198,99.8333,403
1199,99.9167,384
1200,100.0,365
